title,url,duration
The Dark Truth about Weight Loss Supplements | Dhruv Rathee,https://www.youtube.com/watch?v=n8skDxbOv9I,1101.0
My Reply to Godi Youtubers | Elvish Yadav | Dhruv Rathee,https://www.youtube.com/watch?v=eFe8bJ9e_FA,1756.0
The FAKE Life of Bollywood Celebrities | Paparazzi Culture | Dhruv Rathee,https://www.youtube.com/watch?v=67HsvAFuxzg,1212.0
What if I become India's Prime Minister? | Dhruv Rathee,https://www.youtube.com/watch?v=udOoKORXlbY,1435.0
Google’s $2 Trillion Business Model | How Google Earns Money? | Dhruv Rathee,https://www.youtube.com/watch?v=ISc5_x_3MWM,1050.0
NEET 2024 | India’s Biggest Exam Fraud? | Dhruv Rathee,https://www.youtube.com/watch?v=BFU9eSKO_t4,933.0
The Science behind Exorcism | Is Demonic Possession Possible? | Dhruv Rathee,https://www.youtube.com/watch?v=6V8ZgaFYAag,1518.0
My Final Message before 2024 Election Results | Dhruv Rathee,https://www.youtube.com/watch?v=GnBm3XNcci8,1490.0
The Pune Porsche Crash | Rich People vs Aam Aadmi | Dhruv Rathee,https://www.youtube.com/watch?v=UktwTmt68q4,1056.0
Is India the Vishwaguru? | PM Modi vs PM Nehru | Report Card | Dhruv Rathee,https://www.youtube.com/watch?v=pH9ZCFy8ZUs,1837.0
Extreme Heatwave in India | Why 2024 is the Hottest Year? | Dhruv Rathee,https://www.youtube.com/watch?v=1V-vezohFeg,1205.0
The Narendra Modi Files | A DICTATOR Mentality? | Dhruv Rathee,https://www.youtube.com/watch?v=tBPBfBdpMDc,1778.0
Reality of Narendra Modi | How Indians were Fooled! | Dhruv Rathee,https://www.youtube.com/watch?v=bzbsJGMVHxQ,1671.0
Stop Eating This! | Detailed Analysis of Indian Masala Ban | Dhruv Rathee,https://www.youtube.com/watch?v=MHX6M19J1uM,1547.0
Aurangzeb vs Shivaji Maharaj | How India's True History was Hidden from You! | Dhruv Rathee,https://www.youtube.com/watch?v=gdKTsvFuR_I,1603.0
"Reality of ""Mera Abdul"" | The Hindu-Muslim Brainwash Agenda | Dhruv Rathee",https://www.youtube.com/watch?v=Z1wk1n8peBk,1764.0
How Millions of Indians were BRAINWASHED? | The WhatsApp Mafia | Dhruv Rathee,https://www.youtube.com/watch?v=9Gmp2BAB3VA,1800.0
India Needs Jobs! | Reality of Unemployment Crisis | Dhruv Rathee,https://www.youtube.com/watch?v=QyyrJhNWeKM,1518.0
Electoral Bonds Scam: The Pharma Files | Dhruv Rathee,https://www.youtube.com/watch?v=iOjthKqDlFg,1194.0
Reality of my YouTube Career | How I went from 0 to 17 Million? | Dhruv Rathee,https://www.youtube.com/watch?v=UxYToDDrkuA,1236.0
Arvind Kejriwal Jailed! | DICTATORSHIP Confirmed? | Dhruv Rathee,https://www.youtube.com/watch?v=JyJd111Ym7U,1423.0
Electoral Bonds | The Biggest Scam in History of India? | Explained by Dhruv Rathee,https://www.youtube.com/watch?v=RJfqzUWZ0Bw,1418.0
How Airlines Make Money? | How to get Cheapest Tickets? | Case Study | Dhruv Rathee,https://www.youtube.com/watch?v=Nh6MEokyaSM,1302.0
Ladakh in Danger! | Where is the Media? | Sonam Wangchuk | Dhruv Rathee,https://www.youtube.com/watch?v=nV4vZo6A-Ak,698.0
Farmers vs Modi | The Truth about Farmers Protest 2.0 | Dhruv Rathee,https://www.youtube.com/watch?v=dd8l2IZJaPU,1745.0
Internet will NEVER be the Same Again! | Rise of AI Videos | Dhruv Rathee,https://www.youtube.com/watch?v=rWpiYvLHmzU,1101.0
Mystery of DB Cooper | Man who Vanished in the Sky! | Dhruv Rathee,https://www.youtube.com/watch?v=UIkK1skhy9A,1537.0
Is India becoming a DICTATORSHIP? | Chandigarh Elections | Farmers Protest | Dhruv Rathee,https://www.youtube.com/watch?v=Y9253_M38Xk,1752.0
One STUPID Mistake that DESTROYED PayTM | Case Study | Dhruv Rathee,https://www.youtube.com/watch?v=uAiDC-SgF7o,925.0
The Truth about Feminism | Is Feminism Destroying Indian Society? | Dhruv Rathee,https://www.youtube.com/watch?v=oFlfPUSHEpc,1501.0
50% of Indians will get this Disease! | The Next Pandemic | Dhruv Rathee,https://www.youtube.com/watch?v=iVk7jjDqIeg,1274.0
Budget 2024 Analysis | What did Middle Class get? | Dhruv Rathee,https://www.youtube.com/watch?v=vdNHneiZaeE,1095.0
Ram Mandir: The Untold Truth about Ram's Exile | Dhruv Rathee,https://www.youtube.com/watch?v=boALQYYMbTI,743.0
Mystery of Subhas Chandra Bose's Death | Gumnami Baba | Dhruv Rathee,https://www.youtube.com/watch?v=hdiH5PIzR00,1916.0
Maldives vs Lakshadweep Controversy | Who is Wrong? | Dhruv Rathee,https://www.youtube.com/watch?v=0iAhG6sQ0no,1003.0
"Japan Earthquake, Tsunami and Plane Crash | Why is it happening? | Dhruv Rathee",https://www.youtube.com/watch?v=nOa3XJZeDWk,735.0
Vivek Bindra vs Sandeep Maheshwari | Who is Wrong? | Dhruv Rathee,https://www.youtube.com/watch?v=rYSkgMGpG7o,1330.0
Netaji Subhas Chandra Bose | From Hitler's Germany to Japan | Full Biography | Dhruv Rathee,https://www.youtube.com/watch?v=xGjZ98_JLR8,1741.0
Real Story of Dunki | How Indians Cross US Mexico Border? | Donkey Process | Dhruv Rathee,https://www.youtube.com/watch?v=8vRCo7Dyw5c,1320.0
How Korea became a Cultural Superpower? | Case Study | BTS | Squid Games | Dhruv Rathee,https://www.youtube.com/watch?v=3-1Rc8jJ-ng,1521.0
ANIMAL | The Worst Movie of 2023? | Dhruv Rathee,https://www.youtube.com/watch?v=C247jQ5X8pU,1328.0
Sad Reality of Uttarkashi Tunnel Rescue | 3D Animation | Dhruv Rathee,https://www.youtube.com/watch?v=-e72F_bBcqA,1459.0
Mystery of Q-Star | The AI which threatens Humanity | Open AI | Microsoft | Dhruv Rathee,https://www.youtube.com/watch?v=MK9s5sHjO_k,1503.0
The Dark Truth about Weapons Industry | Exposed by Dhruv Rathee,https://www.youtube.com/watch?v=_J5UOvt1aLM,1355.0
The Bhopal Gas Leak | Who were Railway Men? | Dhruv Rathee,https://www.youtube.com/watch?v=DOApK2Yf5j4,783.0
How Napoleon Conquered Europe? | Was he a Hero or Villain? | Dhruv Rathee,https://www.youtube.com/watch?v=A_zNBGPGVVg,1910.0
The Secret of Nuclear Submarines | World's Most Extreme Technology | Indian Navy | Dhruv Rathee,https://www.youtube.com/watch?v=IhMUEnlIW8U,1026.0
The Politics of Cricket World Cup | Explained by Dhruv Rathee,https://www.youtube.com/watch?v=FW2vY2WnI68,1420.0
The Truth about Ramayan | Shri Ram | Diwali Special | Dhruv Rathee,https://www.youtube.com/watch?v=nZGq7NdL48Y,1319.0
The Concordia Cruise Mystery | What Went Wrong? | Titanic of 2012 | Dhruv Rathee,https://www.youtube.com/watch?v=AUY3RzYV-dE,1529.0
Kalpana Chawla | Mystery of NASA Columbia Space Disaster | Dhruv Rathee,https://www.youtube.com/watch?v=1BwrXjgAPvw,1232.0
Why British Left India? | Reality of Mahatma Gandhi's Role | Quit India Movement | Dhruv Rathee,https://www.youtube.com/watch?v=oZIlIludZto,1151.0
How to Lose Weight? | The Complete Scientific Guide | Dhruv Rathee,https://www.youtube.com/watch?v=ygAC0yJp1KU,1652.0
Gaza is in Absolute Crisis! | Israel Palestine War | Dhruv Rathee,https://www.youtube.com/watch?v=mU4iKcZoKP4,879.0
The Mona Lisa Mystery | Why is it World's Most Famous Painting? | Dhruv Rathee,https://www.youtube.com/watch?v=AfswKw-Sb6M,1019.0
Mystery of Flight 571 | World's Greatest Miracle | Dhruv Rathee,https://www.youtube.com/watch?v=KIvfM4g4aG4,1666.0
Israel Palestine War | What is Happening? |  Explained by Dhruv Rathee,https://www.youtube.com/watch?v=ffRfIfGgjmw,738.0
Mystery of World's Oldest Human | The Secret of Living 120+ years | Dhruv Rathee,https://www.youtube.com/watch?v=9WH4_DgFDJo,1238.0
Women's Reservation: Good or Bad? | Dhruv Rathee,https://www.youtube.com/watch?v=fU6LzFiEUJQ,1398.0
How China Invaded Aksai Chin? | The 1962 War | Dhruv Rathee,https://www.youtube.com/watch?v=4nEIqrK34rg,1214.0
Dark Reality of Jawan Film | Shah Rukh Khan | Dhruv Rathee,https://www.youtube.com/watch?v=HodJLhRV7gY,1518.0
Chandrayaan 3 Discovery | Oxygen on Moon! | Dhruv Rathee,https://www.youtube.com/watch?v=L6BZqGgjWkU,915.0
India vs Bharat | The Origin of a Controversy | Dhruv Rathee,https://www.youtube.com/watch?v=A_BF-avmAbk,1029.0
The G20 Summit | What is it Exactly? | Dhruv Rathee,https://www.youtube.com/watch?v=9c9roBWbqMY,815.0
What was Nehru's Mistake? | India-China 1962 War | Dhruv Rathee,https://www.youtube.com/watch?v=cDBNNPU4nnA,1188.0
Aditya L1 | India's First Sun Mission Launched! | ISRO | Dhruv Rathee,https://www.youtube.com/watch?v=2CCN_wVgyUE,624.0
Project Cheetah | Is it an Impossible Mission? | Dhruv Rathee,https://www.youtube.com/watch?v=i5FtvddvT9o,1245.0
India Makes History! | Chandrayaan 3 Lunar Landing | Dhruv Rathee,https://www.youtube.com/watch?v=aVj0BldnisY,1074.0
Mystery of Apollo 13 Mission | Lost in Space | Dhruv Rathee,https://www.youtube.com/watch?v=uwekHBt4KIs,1284.0
Chicken or Egg: What came first? | Are Eggs Veg or Non Veg? | Dhruv Rathee,https://www.youtube.com/watch?v=PcE2P-uAtHA,996.0
PM Modi’s Role in Manipur | What actually happened? | Dhruv Rathee,https://www.youtube.com/watch?v=HQmamJeFi-s,1515.0
The Real Story of Manipur | Who is Responsible? | Dhruv Rathee,https://www.youtube.com/watch?v=a9OswjzEbWQ,1673.0
What happened to the Ozone Hole? | Dhruv Rathee,https://www.youtube.com/watch?v=KuFK7VMZ6OY,1379.0
The Dark Reality of Bigg Boss | Dhruv Rathee,https://www.youtube.com/watch?v=cCw8LjxDEVA,1502.0
The Real Story of Oppenheimer | Hero or Villain? | Dhruv Rathee,https://www.youtube.com/watch?v=MdFh4o-VVeY,1253.0
What happened to other Human Species? | Evolution of Homo Ancestors | Dhruv Rathee,https://www.youtube.com/watch?v=yG2piemxTyA,1890.0
The Truth about Artificial Intelligence and ChatGPT | Dhruv Rathee,https://www.youtube.com/watch?v=vJefOB8kec8,1357.0
What went Wrong with Adipurush? | The Indian Film Industry Formula | Dhruv Rathee,https://www.youtube.com/watch?v=KKukXWN8ym0,1168.0
How Online Betting & Fantasy Apps Fool You! | Business Model | Dhruv Rathee,https://www.youtube.com/watch?v=tzi43LUfzFc,1161.0
Mystery of Titan Submarine | What Actually Happened? | Dhruv Rathee,https://www.youtube.com/watch?v=FoepniNiaW8,1120.0
How China became a Superpower? | Case Study | Dhruv Rathee,https://www.youtube.com/watch?v=2qDW73uPwJo,1435.0
Interstellar Time Travel Explained | How Wormholes Work? | Dhruv Rathee,https://www.youtube.com/watch?v=doUB1hRzLVQ,1245.0
Saudi Arabia’s $1 Trillion Plan | Is it Really Possible? | Dhruv Rathee,https://www.youtube.com/watch?v=Glmv0wj4xpo,955.0
Reality of Quran and Bible | Abrahamic Religions Explained | Dhruv Rathee,https://www.youtube.com/watch?v=NwQvIFnMn0A,1613.0
The No.1 Problem that is Destroying Indian Cities | Dhruv Rathee,https://www.youtube.com/watch?v=XgCPOrRKiOM,1469.0
"Does God Exist? | Hinduism, Religion and Spirituality with Acharya Prashant x Dhruv Rathee",https://www.youtube.com/watch?v=atKEM5ObmRE,4030.0
My Reply to Kerala Story Controversy | Elvish Yadav | Dhruv Rathee,https://www.youtube.com/watch?v=oEbhVyVsFj8,1697.0
Reality of Wrestlers Protest | Why Modi Govt is Saving Brij Bhushan? | Dhruv Rathee,https://www.youtube.com/watch?v=EoArJKQ6t18,1750.0
Imran Khan vs Pakistan Army | Who will Win? | Dhruv Rathee,https://www.youtube.com/watch?v=MqyXD-KsaTk,900.0
Cloud Seeding: The Secret to China & Dubai's Rain | Dhruv Rathee,https://www.youtube.com/watch?v=Jz4b3AJmZ5o,1418.0
The Kerala Story | True or Fake? | Dhruv Rathee,https://www.youtube.com/watch?v=ulFt5rvMQjg,1321.0
Mystery of Hindenburg | The World’s Largest Airship | Dhruv Rathee,https://www.youtube.com/watch?v=GO8f9MBdCOQ,1015.0
Theory of Evolution | Fact vs Fiction | How Life Originated on Earth? | Dhruv Rathee,https://www.youtube.com/watch?v=Fla6Xvslalo,1571.0
The Dark Reality of World's Fattest Country | Case Study | Dhruv Rathee,https://www.youtube.com/watch?v=kk8Z4XIT4Qs,1332.0
Why Hitler Lost? | World War 2 | Dhruv Rathee,https://www.youtube.com/watch?v=-jFYdg31Jd0,1259.0
The Truth of Pulwama | Satyapal Malik Allegations | Dhruv Rathee,https://www.youtube.com/watch?v=lGjxCxqCk_g,1260.0
Why World War 2 Happened? | The Real Reason | Dhruv Rathee,https://www.youtube.com/watch?v=crH7kpjomIk,1335.0
Why was Donald Trump Arrested? | Full Case Explained | Dhruv Rathee,https://www.youtube.com/watch?v=M_K-AJBq4SM,827.0
Israel Crisis 2023 | Largest Protests in History | Explained by Dhruv Rathee,https://www.youtube.com/watch?v=6rj1DTawW0k,1083.0
Is Amritpal Singh Right? | Khalistan Movement | Dhruv Rathee,https://www.youtube.com/watch?v=i_Oi9Nlhjmc,1364.0
Rahul Gandhi Disqualified! | Full Case Explained | Dhruv Rathee,https://www.youtube.com/watch?v=k5KhI7TjliQ,1342.0
Mystery of Dinosaurs |  How Did They Become Extinct? | Dhruv Rathee,https://www.youtube.com/watch?v=ZJG1FjH1cEE,1408.0
Formula 1 Racing | How the World's Most Dangerous Sport Works? | Dhruv Rathee,https://www.youtube.com/watch?v=YYQXk1t_JHM,1126.0
Downfall of American Banks | Silicon Valley Bank Crash Explained | Dhruv Rathee,https://www.youtube.com/watch?v=dUm1J-glLGE,1049.0
The Real Story of Dhruv Rathee | 10 Million Special,https://www.youtube.com/watch?v=p9ju0x3xVCA,1422.0
India WINS at Oscars Awards! | How Nominations and Voting Work? | Dhruv Rathee,https://www.youtube.com/watch?v=D-iPbtcxgM8,1112.0
Mystery of Burj Khalifa | How Tall can Humans Build? | Dhruv Rathee,https://www.youtube.com/watch?v=wvhhuZWwZnA,1247.0
Adani and Modi | The Full Story of Fraud Allegations | Dhruv Rathee,https://www.youtube.com/watch?v=sDEZSFNQmP0,1399.0
$3 Trillion Lithium Found in J&K | Geopolitics of Natural Resources | Dhruv Rathee,https://www.youtube.com/watch?v=-iDMd0JHYXc,915.0
How to Earn Money from Beekeeping? | Ep.2 Jobs Zara Hatke | Dhruv Rathee,https://www.youtube.com/watch?v=zMZ6IBCQCm8,986.0
Reality of Bageshwar Dham Baba | Another Fraud? | Dhruv Rathee,https://www.youtube.com/watch?v=CFZWI8ExfuY,1130.0
Budget 2023 Analysis | Best Budget Ever? | Dhruv Rathee,https://www.youtube.com/watch?v=vb1GIHNY4OE,1016.0
Gautam Adani vs Hindenburg Report | Explained by Dhruv Rathee,https://www.youtube.com/watch?v=L1UC_bnCk8k,971.0
Pathaan Controversy | Is Bollywood Hinduphobic? | Shah Rukh Khan | Dhruv Rathee,https://www.youtube.com/watch?v=Hu-Bdubnnj0,1319.0
What if India and Pakistan Never Separated? | Dhruv Rathee,https://www.youtube.com/watch?v=ueUyKgO079I,1426.0
The Truth of Joshimath | Sinking City of Uttarakhand | Dhruv Rathee,https://www.youtube.com/watch?v=7RuNk6L9ekk,810.0
The Sad Reality of Avatar 2 | Way of Water | Dhruv Rathee,https://www.youtube.com/watch?v=3cvag-9tCW0,1253.0
Mystery of Flight IC-814 | The Worst Plane Hijacking in Indian History | Dhruv Rathee,https://www.youtube.com/watch?v=1unoB93xeeQ,1308.0
Can I be a Helicopter Pilot? | Ep.1 Jobs Zara Hatke,https://www.youtube.com/watch?v=R1gTM30ZRkM,787.0
The Truth about Firecrackers | Mughal vs Chinese History | Air Pollution | Dhruv Rathee,https://www.youtube.com/watch?v=c1YmChaP01g,1392.0
How Singapore became Asia’s No.1 Country? | Case Study | Dhruv Rathee,https://www.youtube.com/watch?v=NoxkNvz6Dqo,1951.0
Mystery of Area 51 | Are there really UFOs and Aliens? | Dhruv Rathee,https://www.youtube.com/watch?v=DUel5IzusKc,1467.0
How Astrology Fools Millions of Indians! | Truth about Horoscopes | Dhruv Rathee,https://www.youtube.com/watch?v=JILyj5IZ3rI,1495.0
How Digital Media DESTROYED Bollywood? | Business Model of Netflix / OTT | Dhruv Rathee,https://www.youtube.com/watch?v=byC5e6X9q80,1208.0
How FIFA earns Money? | Qatar World Cup Business Model | Dhruv Rathee,https://www.youtube.com/watch?v=j0lm6JIfD38,1107.0
Dark Reality of Indian Education System | Dhruv Rathee,https://www.youtube.com/watch?v=hVvAkPbJwnw,1465.0
India Pakistan 1971 War | Why it happened? | Bangladesh Liberation | Dhruv Rathee,https://www.youtube.com/watch?v=mTrsShdSNKg,1781.0
Mystery of Ancient Pyramids | How were they really built? | Dhruv Rathee,https://www.youtube.com/watch?v=8VKnGdl4Q3U,1101.0
Why is South India more Developed than North India? | Dhruv Rathee,https://www.youtube.com/watch?v=MJ_vmdIJIRw,1440.0
"The Dark Reality of Bread, Maida and Roti | Brown Bread vs White Bread | Dhruv Rathee",https://www.youtube.com/watch?v=CFGG-mFZBHo,1531.0
Reality of Morbi Bridge Incident | Who's Responsible? | Dhruv Rathee,https://www.youtube.com/watch?v=Vh6n-0B29aw,1151.0
What if Whole World runs on 100% Solar Energy? | Dhruv Rathee,https://www.youtube.com/watch?v=YrEwBEqYohM,1076.0
How Elon Musk CAPTURED Twitter! | The Forced $44 Billion Deal | Dhruv Rathee,https://www.youtube.com/watch?v=85SAO5HYrjc,1146.0
How British Destroyed Maratha Empire? | Anglo Maratha Wars | Dhruv Rathee,https://www.youtube.com/watch?v=Aesag8J7EeM,1268.0
ISRO vs NASA | The History and Future of Space Race | Dhruv Rathee,https://www.youtube.com/watch?v=1fuau2Idip8,1260.0
How Rishi Sunak defeated Boris Johnson and Liz Truss | UK Political Crisis | Dhruv Rathee,https://www.youtube.com/watch?v=YcMEQtxBH6k,1195.0
Mystery of Solar Eclipse | Eating Food during Surya Grahan 2023 | Dhruv Rathee,https://www.youtube.com/watch?v=y_isRZIrAUQ,1279.0
The Hidden Truth of Ramayana | Was Ravan Good? | Dhruv Rathee,https://www.youtube.com/watch?v=Hmhp1ZYPC5w,976.0
Black Holes Explained | They are not what you think they are! | Dhruv Rathee,https://www.youtube.com/watch?v=vXVRs_Sar6Y,1118.0
BEWARE: Chinese Loan Apps and Youtube Comment Scams | Dhruv Rathee,https://www.youtube.com/watch?v=5iy4p_bYu5Q,786.0
The Apollo 11 Moon Landing Mystery | Neil Armstrong | Dhruv Rathee,https://www.youtube.com/watch?v=TTGczb8uLA0,1489.0
"The Science of Ghosts | Paranormal, Bhoots and Ouija Boards Exposed | Dhruv Rathee",https://www.youtube.com/watch?v=RPiXj1t4wRQ,1119.0
How Russia is Losing to Ukraine | 7 Months Later | Dhruv Rathee ft. @mohak_mangal,https://www.youtube.com/watch?v=bJHEPmu837Y,1205.0
Anti Hijab Protests in Iran | Explained by Dhruv Rathee,https://www.youtube.com/watch?v=q0PbcaBgmWk,1090.0
How Amul Saved India | The Untold Story of White Revolution | Dhruv Rathee,https://www.youtube.com/watch?v=1CR3hS5Y-PI,1241.0
How China Invaded Tibet | Escape of Dalai Lama | Dhruv Rathee,https://www.youtube.com/watch?v=X50iFxhUWiU,1505.0
The Truth about Freebie Politics | Right or Wrong? | Dhruv Rathee,https://www.youtube.com/watch?v=xIEzhdj5G5k,1200.0
How did British Empire take over India? | Fall of Mughal Empire | Dhruv Rathee,https://www.youtube.com/watch?v=3bZoB8PiXas,1526.0
The Untold Mystery of Indus Valley Civilization | Dhruv Rathee,https://www.youtube.com/watch?v=Lr7GMr1NzV0,1060.0
Hiroshima and Nagasaki | Why USA destroyed Japan? | WW2 | Dhruv Rathee,https://www.youtube.com/watch?v=mX3ZWEG9lyw,1834.0
How Adani Trapped NDTV | The Hidden Agenda | Ravish Kumar | Dhruv Rathee,https://www.youtube.com/watch?v=5No-IWBTBaQ,1075.0
Mystery of Red Plague | Invention of World’s First Vaccine | Dhruv Rathee,https://www.youtube.com/watch?v=qlMBNrY7ABo,1124.0
Why People become Criminals? | The Problem of Liberty | Dhruv Rathee,https://www.youtube.com/watch?v=d0KuhikVnVs,998.0
Dark Reality of Cold Drinks | Dhruv Rathee,https://www.youtube.com/watch?v=ILIDPSItmK4,1425.0
Laal Singh Chaddha Boycott | Is Aamir Khan Anti-Hindu? | PK | Dhruv Rathee,https://www.youtube.com/watch?v=JE22hiUR2dI,1374.0
Why China wants Taiwan? | Taiwan Crisis Explained | Dhruv Rathee,https://www.youtube.com/watch?v=oqC5mg2k4Tk,1266.0
Stop Wasting your Time! | The Scientific Way | Dhruv Rathee,https://www.youtube.com/watch?v=b8n-wpvBjrw,1251.0
Who Controls Antarctica? | Mystery of the 7th Continent | Dhruv Rathee,https://www.youtube.com/watch?v=JWgwHjfhA3A,1113.0
Chernobyl Nuclear Disaster | Why it happened? | Dhruv Rathee,https://www.youtube.com/watch?v=t_cSk9tQQkk,1440.0
How Draupadi Murmu Won? | India’s First Tribal President | Dhruv Rathee,https://www.youtube.com/watch?v=85nMXO_nRxc,710.0
Life on Alien Planet? | James Webb Telescope Discoveries | Dhruv Rathee,https://www.youtube.com/watch?v=Ih_4C6DJ0EU,941.0
Mystery of Kohinoor | Curse of World's Most Famous Diamond | Dhruv Rathee,https://www.youtube.com/watch?v=ji1fQRWJqlc,1105.0
Why Shinzo Abe was Ass*sinated? | Why China celebrated? | Dhruv Rathee,https://www.youtube.com/watch?v=vh9rBp_4eHU,973.0
Mystery of North Sentinel Island | The Last Stone Age Tribe in World | Dhruv Rathee,https://www.youtube.com/watch?v=HvWlcpf48x4,1352.0
The Men who Built India | Untold Story of Tata | Dhruv Rathee,https://www.youtube.com/watch?v=TGHqBX1YJRc,1011.0
The End of Shiv Sena? | Maharashtra Political Crisis Explained | Dhruv Rathee,https://www.youtube.com/watch?v=wQhiQrt2TqQ,1385.0
Business Model of Bollywood | How Film Industry Earns Money? | Dhruv Rathee,https://www.youtube.com/watch?v=w6l4Gsqgi9U,1066.0
India has a Big Stray Dogs Problem | Dhruv Rathee,https://www.youtube.com/watch?v=tMsf6i7yID8,948.0
Nupur Sharma Controversy | Who was Right? | Freedom of Speech | Dhruv Rathee,https://www.youtube.com/watch?v=-05P5FB4AJc,975.0
Agneepath Scheme Explained | Good or Bad? | Agniveers | Dhruv Rathee ft. @mohak_mangal​,https://www.youtube.com/watch?v=Iwz_Vdz8EKw,1019.0
Monkey Man Mystery of Delhi l Kala Bandar of 2001 | Dhruv Rathee,https://www.youtube.com/watch?v=ZuKJpVNUHGg,1205.0
Johnny Depp vs Amber Heard Case | The Full Story | Dhruv Rathee,https://www.youtube.com/watch?v=5UmJwPivCHE,1007.0
India’s Richest Minority | How Zoroastrians became Rich? | Dhruv Rathee,https://www.youtube.com/watch?v=SRIooZz0bSI,759.0
Is Taj Mahal a Temple? | The Mystery Explained by Dhruv Rathee,https://www.youtube.com/watch?v=pH5uKjcP5GE,1336.0
Mystery of Supersonic Airplane | Concorde Plane Crash | Dhruv Rathee,https://www.youtube.com/watch?v=y7zrjWp3fEk,1046.0
Mystery of Titanic | How the World's Greatest Ship Disappeared? | Dhruv Rathee in Hindi,https://www.youtube.com/watch?v=id00R-3OmJ0,1063.0
Business Model of IPL | How IPL Teams Make Money? | Dhruv Rathee,https://www.youtube.com/watch?v=4DhK260KYzQ,840.0
Sri Lankan Prime Minister Resigns! | Dynasty Rule Still Continues | Dhruv Rathee,https://www.youtube.com/watch?v=hdBUo3P-sU8,1050.0
How Social Media Destroys Your Life? | Science behind Addiction | Dhruv Rathee,https://www.youtube.com/watch?v=bJj8XEw-zCg,1140.0
Cuba Missile Crisis | How USA and Soviet Union almost started WW3 | Dhruv Rathee,https://www.youtube.com/watch?v=_6M4rX-PYzs,1846.0
Russia Turns Back! Latest Update from Ukraine | Dhruv Rathee,https://www.youtube.com/watch?v=_xVi4j5A-go,859.0
World's Harshest Lockdown in China | Zero COVID Policy | Dhruv Rathee,https://www.youtube.com/watch?v=j9VOQZX5btA,623.0
The Problem with Bulldozer Justice in India | Dhruv Rathee,https://www.youtube.com/watch?v=HzH71M5plAs,987.0
The Real Reason behind Communal Riots | Dhruv Rathee,https://www.youtube.com/watch?v=LwMutPnXnoA,796.0
The Dark Secret of Bill Gates | Becoming the World's Richest Man | Dhruv Rathee,https://www.youtube.com/watch?v=IFxmKHhZnPE,1137.0
India's Worst Plane Crash | Only Mid-Air Collision in History | Dhruv Rathee,https://www.youtube.com/watch?v=klnYxLLcceE,983.0
Emergency in Sri Lanka! | Economic Crisis Explained | Dhruv Rathee,https://www.youtube.com/watch?v=LLw-T_d-wWo,974.0
Russia Ukraine Latest Update | Fall of Mariupol | Peace Negotiations | Dhruv Rathee,https://www.youtube.com/watch?v=mmz67ouBhF4,1020.0
Worst Air Disaster in China | Boeing 737 Plane Crash | Dhruv Rathee,https://www.youtube.com/watch?v=BkU4o3vPxwY,628.0
French Revolution | Why it happened? | The Dark Reality | Dhruv Rathee,https://www.youtube.com/watch?v=pGzmmjDDHJg,1687.0
The End of Congress Party | Why Gandhi Family keeps losing? | Dhruv Rathee,https://www.youtube.com/watch?v=CepJaH711bs,1143.0
Time Traveler from Year 2256 | Science behind the Mystery | Dhruv Rathee,https://www.youtube.com/watch?v=IYkpHNTF0dU,1278.0
Why Kejriwal & Adityanath Won? | Elections 2022 Result Analysis | Dhruv Rathee,https://www.youtube.com/watch?v=52ElK1Wdalo,1347.0
Russian Economy is now Permanently Destroyed! | Ukraine vs Russia | Dhruv Rathee,https://www.youtube.com/watch?v=rDqemu6oisc,854.0
Was Nehru a Womanizer? | Reality of Nehru | Dhruv Rathee,https://www.youtube.com/watch?v=4JGw68lzRM8,905.0
Russia Ukraine Latest Update | Battle of Kharkiv | Indian Students Stuck | Dhruv Rathee,https://www.youtube.com/watch?v=WEnaBfzu-ec,1043.0
The Shocking Story of Zelensky | Russia Ukraine Invasion Update  | Dhruv Rathee,https://www.youtube.com/watch?v=nnlyR5EdbIA,781.0
Putin Invades Ukraine! | Russia Ukraine Crisis Explained | Dhruv Rathee ft. @mohak_mangal,https://www.youtube.com/watch?v=biMWZnXGA3I,1328.0
Business Model of Uber | How Uber earns Money? | Dhruv Rathee,https://www.youtube.com/watch?v=92pqF6EYEqc,1027.0
The Bermuda Triangle Mystery | What is the Secret? | Dhruv Rathee,https://www.youtube.com/watch?v=RguM2VAg44w,1111.0
Canada declares Emergency! | Freedom Convoy Protests | Dhruv Rathee,https://www.youtube.com/watch?v=v4rWJESPWB0,821.0
World’s First Flying Car Invented in Slovakia! | How it works? | Dhruv Rathee,https://www.youtube.com/watch?v=yBT3hULVhjc,1058.0
The Hijab Controversy | Who is Right? | Karnataka | Dhruv Rathee,https://www.youtube.com/watch?v=npCZW5LhUKs,1021.0
How Jeff Bezos made Amazon a $1.6 Trillion company? | Business Model of Amazon | Dhruv Rathee,https://www.youtube.com/watch?v=CAwokHvMFlY,1038.0
Why World War 1 happened? | The Real Reason | Dhruv Rathee,https://www.youtube.com/watch?v=d7gxZOQZfWQ,1327.0
Budget 2022 Analysis | What did Middle Class Get? | Pros and Cons | Dhruv Rathee,https://www.youtube.com/watch?v=r2ujSeOqulg,683.0
Biggest Mystery in Aviation | What happened to MH370 Flight? | Dhruv Rathee,https://www.youtube.com/watch?v=890wWM0lg94,1168.0
RRB NTPC Protest | Khan Sir Responsible? | Explained by Dhruv Rathee,https://www.youtube.com/watch?v=8q4lqGiJEkI,873.0
Netaji Bose vs Gandhi | The Left & Right Wing of Congress Party | Dhruv Rathee,https://www.youtube.com/watch?v=sxrxE9QByH0,1204.0
How Metaverse Works? | Secrets of Metaverse | Explained in Hindi | Dhruv Rathee,https://www.youtube.com/watch?v=0azMpBagjI4,991.0
Third Wave of Omicron | The End of COVID? | Latest Update India | Dhruv Rathee,https://www.youtube.com/watch?v=Ajh1xjop_6w,813.0
How WhatsApp earns Money? | Secret Business Model of WhatsApp | Dhruv Rathee,https://www.youtube.com/watch?v=UTwtK-H1_A0,1072.0
James Webb Space Telescope | Can it Time Travel? | Big Bang | Dhruv Rathee,https://www.youtube.com/watch?v=aXgu3-n_78Y,702.0
Bulli Bai App | What is Root Cause of Radicalisation? | Sulli Deals | Dhruv Rathee,https://www.youtube.com/watch?v=B1ogwWZxCzk,1157.0
Bhopal Gas Tragedy | Who was Responsible? | Dhruv Rathee,https://www.youtube.com/watch?v=mcdIV1eWjJg,1278.0
Why are Doctors Protesting? | Doctors Protest Explained | NEET PG 2021 | Dhruv Rathee,https://www.youtube.com/watch?v=XtBbJKuyKLw,698.0
How Banks Earn Money? | Business Model of Banks | Dhruv Rathee,https://www.youtube.com/watch?v=leIiFgI79Ek,713.0
Marriage Age for Women at 21yrs | Good or Bad? | Dhruv Rathee,https://www.youtube.com/watch?v=0r8l5JI8rOM,976.0
Ukraine vs Russia Crisis | Danger of WW3? | Dhruv Rathee,https://www.youtube.com/watch?v=prrgCqv576c,1075.0
How English became World's Most Powerful Language? | Dhruv Rathee,https://www.youtube.com/watch?v=LXHeGwHvHEc,774.0
North Korea Bans Laughing! | Kim Jong Un | Dhruv Rathee,https://www.youtube.com/watch?v=q5t1yfdO2_8,464.0
Should Bitcoin be Banned in India? | Crypto Bill 2021 | Dhruv Rathee,https://www.youtube.com/watch?v=SxfZpaSkrno,800.0
CDS Bipin Rawat Helicopter Crash | The Real Reason | Dhruv Rathee,https://www.youtube.com/watch?v=kISNb115Lz4,827.0
Brain Drain | Indian CEOs of American Companies | Dhruv Rathee,https://www.youtube.com/watch?v=F2S_4AkECJQ,857.0
"Carryminati, Munawar Faruqui and Kunal Kamra Controversy | Hinduphobia in Comedy | Dhruv Rathee",https://www.youtube.com/watch?v=Nm0WSJUv4Fw,1343.0
The Problem in Indian Society that No One talks about | Dhruv Rathee,https://www.youtube.com/watch?v=ARQMEP6SH14,540.0
The Secret Business Model of Tesla | How Tesla earns Money? | Elon Musk | Dhruv Rathee,https://www.youtube.com/watch?v=6-Q3JQ0gUcs,893.0
Omicron Virus Variant | Is it Dangerous? | Coronavirus India | Dhruv Rathee,https://www.youtube.com/watch?v=l11_-f6D-XA,729.0
"PayTM, GooglePay and UPI Scam | How Scammers fool you? | Dhruv Rathee",https://www.youtube.com/watch?v=ZFkAkN5T8_0,1089.0
China becomes Worlds Richest Country | Evergrande Crisis | Dhruv Rathee,https://www.youtube.com/watch?v=zn0XD7HBs9s,1072.0
What if Nepotism Tax exists? | How Inheritance Tax Works | Dhruv Rathee,https://www.youtube.com/watch?v=dlmg5jNV8Hg,983.0
Farm Laws Repealed | Victory for Farmers Protest? | Dhruv Rathee,https://www.youtube.com/watch?v=IjRR1JycSaM,882.0
Vir Das Controversy | Was it Insulting India? | Two Indias | Dhruv Rathee,https://www.youtube.com/watch?v=nxOp4ilK550,746.0
Refugee Crisis in Europe Again? | Poland vs Belarus Border | Dhruv Rathee,https://www.youtube.com/watch?v=Swm72ewthlM,599.0
Pan Masala Mafia | How Surrogate Ads work? | Dhruv Rathee,https://www.youtube.com/watch?v=hEOjrfecaRk,795.0
Padma Awards | Kangana Ranaut Controversy | Who selects Winners? | Dhruv Rathee,https://www.youtube.com/watch?v=vTFd0_SUeEc,892.0
The T20 Cricket World Cup EXPOSED! | Game of Money | Dhruv Rathee,https://www.youtube.com/watch?v=Rym2dd1brE4,804.0
Virat Kohli Controversy | Fabindia and CEAT Boycotts | Dhruv Rathee,https://www.youtube.com/watch?v=3gz3oYT9tFk,704.0
"Swami Vivekananda vs Andh Vishwas, Astrology and Cow Worship | Dhruv Rathee",https://www.youtube.com/watch?v=jWYUnmgQZfk,1194.0
Facebook Papers | How Algorithms promoted Polarization and Hatred | Dhruv Rathee,https://www.youtube.com/watch?v=H0hy2QTqNuU,1105.0
Dark Side of Stock Market | How Stock Market Manipulation works? | Insider Trading | Dhruv Rathee,https://www.youtube.com/watch?v=OH2--jzeZ9k,1085.0
Aryan Khan Bail Granted | Sameer Wankhede Twist | Dhruv Rathee,https://www.youtube.com/watch?v=fpLAWWTJFag,752.0
6 Million Special Q&A | Who is Dhruv Rathee? | All Questions Answered!,https://www.youtube.com/watch?v=TiHT3EOgirg,1543.0
Bangladesh Durga Puja and Singhu Border Case | Dhruv Rathee,https://www.youtube.com/watch?v=fp21Pmt1H-Y,873.0
Why Air India failed? | Case Study of Air India | JRD Tata | Dhruv Rathee,https://www.youtube.com/watch?v=YeC4clsQbIo,1000.0
Coal Shortage in India | Electricity Crisis | Dhruv Rathee,https://www.youtube.com/watch?v=vT7OYzyoAwI,608.0
Lakhimpur Kheri Case | The Full Story | Ashish Mishra Arrest | Dhruv Rathee,https://www.youtube.com/watch?v=qNa6DdM3Fp4,802.0
Pandora Papers Explained | Money Trail of Super Rich People | Dhruv Rathee,https://www.youtube.com/watch?v=Z-tMp5-33k0,827.0
Aryan Khan Arrest | Political Agenda against SRK? | Dhruv Rathee,https://www.youtube.com/watch?v=zl4LqMZ139Y,824.0
What if Internet Crashes in the Whole World? | Dhruv Rathee,https://www.youtube.com/watch?v=lalOwOl2FAA,809.0
Farmers in Lakhimpur and Aryan Khan Case | Dhruv Rathee,https://www.youtube.com/watch?v=qpHWsIXNIRY,666.0
How to Win the Olympics? | Ground Report at Ravi Dahiya's Village | Dhruv Rathee,https://www.youtube.com/watch?v=rO9VEY5tQlY,1059.0
Did Mahatma Gandhi try to save Bhagat Singh? | Gandhi Jayanti Special | Dhruv Rathee,https://www.youtube.com/watch?v=pbr4-Thu1Lw,1377.0
What is Quad? । PM Modi in America । Quad vs China । Dhruv Rathee,https://www.youtube.com/watch?v=gYWXC3vQ1rs,772.0
How Rwanda became No.1 Country of Africa | Ground Report by Dhruv Rathee,https://www.youtube.com/watch?v=yoIvGRuA00s,915.0
Indira Gandhi's Emergency | Why it happened? | The Real Story | Dhruv Rathee,https://www.youtube.com/watch?v=nw-84LXi7Go,1047.0
The 9/11 Attacks | What actually happened? | America | Dhruv Rathee,https://www.youtube.com/watch?v=5WmBt6BBUzs,1078.0
The Secret Organization Cleaning India | Ep.3 Gems of India | Dhruv Rathee,https://www.youtube.com/watch?v=HvZDi-YzPbo,705.0
What if India has 0% Income Tax? | Dhruv Rathee,https://www.youtube.com/watch?v=7ic6oOHobWw,848.0
Petrol Price Rise | What are Oil Bonds? | Dhruv Rathee,https://www.youtube.com/watch?v=DzuU_3lYQ8c,778.0
Reality of Savarkar and Subash Chandra Bose | Partition 1947 | Dhruv Rathee,https://www.youtube.com/watch?v=ryBA3kVJdx8,1426.0
"What is Socialism? | Ideologies of Gandhi, Nehru and Bhagat Singh | Dhruv Rathee",https://www.youtube.com/watch?v=zwtfDT4fZ5o,1041.0
World's Most Expensive Currency | Dhruv Rathee,https://www.youtube.com/watch?v=479L5HanGEM,873.0
Pakistan's Role in Taliban | Good Taliban vs Bad Taliban | Dhruv Rathee ft. @mohak_mangal,https://www.youtube.com/watch?v=aAikZJvjFPw,1037.0
Taliban Takeover Afghanistan | Fall of Kabul | Why it happened? | Dhruv Rathee,https://www.youtube.com/watch?v=H-lnbvd1UV0,837.0
Partition 1947 । Why it happened? | India and Pakistan | Dhruv Rathee,https://www.youtube.com/watch?v=r2kKsjZPrVI,1043.0
Kargil War | Why it happened? | Real Story of Vikram Batra | Shershaah | Dhruv Rathee,https://www.youtube.com/watch?v=uai9Dt595mc,1113.0
India's Best School? | Ep.2 Gems of India | Dhruv Rathee,https://www.youtube.com/watch?v=COI2h-61mME,783.0
Indian Hockey Comeback | Why did Hockey lose popularity to Cricket? | Tokyo Olympics | Dhruv Rathee,https://www.youtube.com/watch?v=o6eZwr3S5FY,895.0
Assam Mizoram Border Issue | History of Mizoram | Assam CM | Dhruv Rathee ft @mohak_mangal,https://www.youtube.com/watch?v=VGR8wQ9Jr-4,856.0
Rise of Taliban | Afghanistan Crisis Continued | US Troops Return | Dhruv Rathee,https://www.youtube.com/watch?v=Jh72phku9Zg,1119.0
Mirabai Chanu | The Real Struggler | Tokyo Olympics 2021 | Inspiring | Dhruv Rathee,https://www.youtube.com/watch?v=vw83vmoFTks,540.0
Pegasus Spyware | How Pegasus hacks your phone? | Israel NSO | Dhruv Rathee,https://www.youtube.com/watch?v=13XA8AyslpU,909.0
How Credit Cards Work? Should I own a Credit Card? | Dhruv Rathee,https://www.youtube.com/watch?v=cYMeZs_EcqE,711.0
Space Tourism | Jeff Bezos vs Richard Branson vs Elon Musk | Dhruv Rathee,https://www.youtube.com/watch?v=R-6DorkdP28,684.0
Afghanistan Crisis | History of Taliban | US Troop Return | Explained by Dhruv Rathee,https://www.youtube.com/watch?v=051CBvanVwU,1148.0
Planting 3 Lakh Trees! | Treeman of Haryana | Ep.1 Gems of India | Dhruv Rathee,https://www.youtube.com/watch?v=W31qwhIbQf4,903.0
Rabindranath Tagore | How a School Drop-Out Won the Nobel Prize | Dhruv Rathee,https://www.youtube.com/watch?v=HnpMTINOBHo,740.0
Reality of Love J**** | Dhruv Rathee,https://www.youtube.com/watch?v=EPr1CQuQpYA,953.0
Cabinet Reshuffle of Modi Government | Good or Bad? | New Cabinet Ministers | Dhruv Rathee,https://www.youtube.com/watch?v=tfepSyCQsEY,614.0
Why this African Country is special? | Dhruv Rathee,https://www.youtube.com/watch?v=IUjSJk45hd4,731.0
Extreme Heatwave in Canada | 50°C Temperature | Climate Change | Dhruv Rathee,https://www.youtube.com/watch?v=o-TMOeCDeus,761.0
Third Wave of Coronavirus | Delta Plus Variant in India | Dhruv Rathee,https://www.youtube.com/watch?v=y1Pm2diAD34,651.0
Swami Vivekananda | How Naren became a Monk! | Dhruv Rathee,https://www.youtube.com/watch?v=PA80BSo8XQQ,951.0
Twitter vs Modi Govt | Ravi Shankar Prasad Twitter Ban | Dhruv Rathee,https://www.youtube.com/watch?v=cTQbBrwS0vg,697.0
The Fall of Berlin Wall | Akhand Germany Unification | Ground Report by Dhruv Rathee,https://www.youtube.com/watch?v=dYqtgpBg1ag,981.0
Buxwaha Forest Diamond Mine | The Full Story | Madhya Pradesh | Dhruv Rathee,https://www.youtube.com/watch?v=CsjyOCLDRg4,853.0
Baba Ka Dhaba | What We Can Learn | The Full Story | Dhruv Rathee,https://www.youtube.com/watch?v=iVZ-lYOJEGM,764.0
Sushant Singh Rajput | Real Solution of Nepotism | One Year Later | Dhruv Rathee,https://www.youtube.com/watch?v=Sx994H3YEKQ,926.0
Mystery of Mehul Choksi | Uncle of Nirav Modi | Explained by Dhruv Rathee,https://www.youtube.com/watch?v=GLv6fIAFy78,614.0
The Problem with GDP | How India's GDP works? | Dhruv Rathee,https://www.youtube.com/watch?v=8T3Y9A7Xo-s,824.0
What is Dogecoin? | Bitcoin vs Dogecoin | Explained by Dhruv Rathee,https://www.youtube.com/watch?v=_zhADvmUJe0,587.0
What if $1 = ₹1 happens? | Dollar vs Rupee Devaluation | Dhruv Rathee,https://www.youtube.com/watch?v=tfLd329ovRI,974.0
Dominos & Air India Data Leaked! | How to Protect your Data? | Dhruv Rathee,https://www.youtube.com/watch?v=eGUG2icJS2w,850.0
Lakshadweep in Danger | What is happening? | Praful Patel | Dhruv Rathee,https://www.youtube.com/watch?v=pcu8HM7pplQ,903.0
Black Fungus | White Fungus | Yellow Fungus | Symptoms & Treatment | Dhruv Rathee,https://www.youtube.com/watch?v=Wqp5G8h-V9Q,886.0
Can Israel Palestine Unite? | One State Solution vs Two State Solution | Ceasefire | Dhruv Rathee,https://www.youtube.com/watch?v=sfju7EAukEs,794.0
Raja Ram Mohan Roy | The First Indian Liberal | Dhruv Rathee,https://www.youtube.com/watch?v=5HTK6XnX-ns,946.0
Is Akhand Bharat Possible? | Sardar Patel | Dhruv Rathee,https://www.youtube.com/watch?v=TBE12bdWmQo,700.0
Israel Palestine Conflict: 1000 year History | Jerusalem | Gaza | West Bank |  Dhruv Rathee,https://www.youtube.com/watch?v=CISbbt1x2dc,1039.0
Israel Palestine Conflict Explained | Al-Aqsa Mosque | Jerusalem | Gaza | Dhruv Rathee,https://www.youtube.com/watch?v=Il-Vz6X2ygg,745.0
How America became the No.1 Superpower? | Reality of USA | Dhruv Rathee,https://www.youtube.com/watch?v=Bj3glah53dk,782.0
What is Blockchain? How Elections on Blockchain work? | Bitcoin | Dhruv Rathee,https://www.youtube.com/watch?v=ENrjn-lD1e8,977.0
Which is the Best Vaccine? Covaxin vs Covishield | Dhruv Rathee,https://www.youtube.com/watch?v=9JBu8s-3fCw,968.0
Kangana Ranaut Twitter Suspension & West Bengal Violence | Dhruv Rathee,https://www.youtube.com/watch?v=hrOlVPB18Uc,337.0
Mamata Banerjee Wins | West Bengal Results | COVID Crisis | Dhruv Rathee,https://www.youtube.com/watch?v=IG5AnNgFuAg,650.0
World Helps India | COVID Latest Updates | International Response | Dhruv Rathee,https://www.youtube.com/watch?v=IA41o2G98IY,585.0
COVID Home Treatment | Oxygen Procedure | Remdesivir vs Other Medicines | Dhruv Rathee,https://www.youtube.com/watch?v=coK4FRASTcA,618.0
Reality of COVID Crisis | Oxygen Shortage | Remdesivir Black Marketing | Dhruv Rathee,https://www.youtube.com/watch?v=YJed3_p1b5g,494.0
How Hitler Brainwashed Millions of People? | Rise of Adolf Hitler | Dhruv Rathee,https://www.youtube.com/watch?v=laisVDBJ204,959.0
The Silent Killer of Immunity | Indoor Pollution | Dhruv Rathee,https://www.youtube.com/watch?v=WwhorxKFF4A,519.0
"Should All Exams be Cancelled? | 10th Board, 12th Board CBSE | Dhruv Rathee",https://www.youtube.com/watch?v=6MPNncUIyfI,393.0
Ambedkar vs Gandhi | Who was right about Casteism? | Dhruv Rathee,https://www.youtube.com/watch?v=CPVq18rRrEs,791.0
Common Man vs Politicians | COVID Rules | Dhruv Rathee,https://www.youtube.com/watch?v=Dx7uCfp0qMs,75.0
Are Coronavirus Vaccines Safe? | Blood Clotting Side Effects | Dhruv Rathee,https://www.youtube.com/watch?v=aUZt-bY_0fo,518.0
Will Capitalism destroy the World? | The Power of Money | Dhruv Rathee,https://www.youtube.com/watch?v=mOXsdnuH2Hg,819.0
5 Million Special | New Series Teaser | Dhruv Rathee,https://www.youtube.com/watch?v=QfSGu5tL1iE,176.0
Second Wave of Coronavirus in India | Lockdown COVID-19 in Maharashtra | Dhruv Rathee,https://www.youtube.com/watch?v=KQAVojtu14o,597.0
Suez Canal | How will Blocked Ship get out? | Dhruv Rathee,https://www.youtube.com/watch?v=ZXgOXuhXtuI,495.0
Delhi Govt vs LG Issue | GNCTD Bill | Arvind Kejriwal | Dhruv Rathee,https://www.youtube.com/watch?v=W-LEXt-37Oo,806.0
The Truth about Bhagat Singh | Dhruv Rathee,https://www.youtube.com/watch?v=umIAoY1Ox64,726.0
World Happiness Report 2021 | Pakistan happier than India? | Dhruv Rathee,https://www.youtube.com/watch?v=UKDaOtCvsTU,755.0
What is Capitalism? | How does Money make Money? | Dhruv Rathee,https://www.youtube.com/watch?v=Cf4uQg03jYg,1005.0
Myanmar is now a Dictatorship! What can we do? | Dhruv Rathee,https://www.youtube.com/watch?v=uqDtG0HfVrM,753.0
Is India a Partly Free Country now? | Analysis by Dhruv Rathee,https://www.youtube.com/watch?v=oAqTBBMiHHA,938.0
"Will Facebook, Twitter, Instagram be banned in India? | OTT Rules 2021 | Explained by Dhruv Rathee",https://www.youtube.com/watch?v=b7Fv3vQZvNw,916.0
Is Dhruv Rathee Biased?,https://www.youtube.com/watch?v=ScG4Lipxark,500.0
What is Communism? | Success and Failures of Communism | Dhruv Rathee,https://www.youtube.com/watch?v=4UJM4RFQjpU,1197.0
Modi Rojgar Do | SSC Exam and Job Vacancies | Dhruv Rathee,https://www.youtube.com/watch?v=BmDOcDkAedU,582.0
Electric Cars in India | Can you buy a Tesla? | Analysis by Dhruv Rathee,https://www.youtube.com/watch?v=r49Gsz-lklE,662.0
Why is Petrol Price at 100 Rupees? | Explained by Dhruv Rathee,https://www.youtube.com/watch?v=CWQUe1EUHio,602.0
The Mystery of Anglo Indians | Dhruv Rathee,https://www.youtube.com/watch?v=wYGBix_SCZA,994.0
Dhruv Rathee Exposed by Dhruv Rathee,https://www.youtube.com/watch?v=vSWjn-3JWQs,1163.0
Uttarakhand Glacier Burst | What is GLOF? | Dhruv Rathee,https://www.youtube.com/watch?v=7LmXI7YlsVQ,606.0
Rihanna Tweet on Farmers Protest | Greta Thunberg | Dhruv Rathee,https://www.youtube.com/watch?v=wg9bFdvbOhE,1033.0
Budget 2021 Full Analysis | Dhruv Rathee,https://www.youtube.com/watch?v=0viTGi0xBq8,951.0
Russia Anti-Putin Protests Explained | Alexei Navalny | Dhruv Rathee,https://www.youtube.com/watch?v=6sWGjeGRafc,794.0
Farmers Protest & Red Fort Incident | Deep Sidhu | Rakesh Tikait | Ghazipur Border | Dhruv Rathee,https://www.youtube.com/watch?v=QnEH1ntbWSo,730.0
"MLM Scams, Network Marketing and Pyramid Schemes | Dhruv Rathee",https://www.youtube.com/watch?v=6ovC14YoLGM,920.0
Arnab Goswami Response to WhatsApp Chat Leak | Dhruv Rathee,https://www.youtube.com/watch?v=juTJOaKSj88,657.0
How Elon Musk became World's Richest Man? | Dhruv Rathee,https://www.youtube.com/watch?v=m-58eOTlodQ,661.0
Arnab Goswami WhatsApp Chat Leak | Explained by Dhruv Rathee,https://www.youtube.com/watch?v=TyAmoIeaN9E,833.0
"What are Bitcoin Alternatives? | Ethereum, Ripple, Litecoin Cryptocurrency Explained | Dhruv Rathee",https://www.youtube.com/watch?v=L4G3q1IMgMM,782.0
WhatsApp Privacy Policy Update Explained! | Dhruv Rathee | WhatsApp vs Telegram vs Signal,https://www.youtube.com/watch?v=2yluL1DZ70U,739.0
Chinese Billionaire Jack Ma Missing! | Dhruv Rathee,https://www.youtube.com/watch?v=-seG9em_m2Q,667.0
Donald Trump & US Capitol Incident | Explained by Dhruv Rathee,https://www.youtube.com/watch?v=CXbIMijGfF0,468.0
Goa Mollem Protests: The Fight Against Coal | Dhruv Rathee,https://www.youtube.com/watch?v=geVg2G6sOzk,537.0
Did Caste Reservations destroy India? | Dhruv Rathee ft. @mohak_mangal,https://www.youtube.com/watch?v=3QGEOCm6UQs,916.0
Dangerous Mutation? New Strain of Coronavirus | Explained by Dhruv Rathee,https://www.youtube.com/watch?v=e8z9G2IQMO0,467.0
India's New Parliament Building | Central Vista Project | Dhruv Rathee,https://www.youtube.com/watch?v=LiP7zpryGac,749.0
Reality of W********* | Dhruv Rathee,https://www.youtube.com/watch?v=WaH10gQccdI,897.0
Farmers Protest Update | Dhruv Rathee,https://www.youtube.com/watch?v=MR4eRqcX4mE,799.0
Bitcoin kya hai? How Bitcoin works and why is it so popular? | Dhruv Rathee,https://www.youtube.com/watch?v=sh7jXV3nwUo,936.0
Farmers Protest in Delhi | Explained by Dhruv Rathee,https://www.youtube.com/watch?v=-kmDsLp0xnw,642.0
Which Indian State has Best Nutrition? | Dhruv Rathee,https://www.youtube.com/watch?v=ssCsEEKuN4I,907.0
COVID-19 Vaccine Update | Dhruv Rathee,https://www.youtube.com/watch?v=kWws30Z6yo4,905.0
Can Indian Banks Revive from NPA Crisis? | Dhruv Rathee,https://www.youtube.com/watch?v=2DqUhTpgShQ,1129.0
The Danger of OTT Regulation | Dhruv Rathee,https://www.youtube.com/watch?v=EKIEu7CO078,1159.0
How Joe Biden Won? | US Elections Analysis by Dhruv Rathee,https://www.youtube.com/watch?v=5W9-MJXvtFI,947.0
Arnab Goswami Arrest! | Explained by Dhruv Rathee,https://www.youtube.com/watch?v=hGtrTjeENf4,862.0
France Incidents and Blasphemy | Dhruv Rathee,https://www.youtube.com/watch?v=DPh3mj4uvU4,1003.0
Is Bangladesh better than India now? | Dhruv Rathee,https://www.youtube.com/watch?v=cTRXYlgcBFQ,771.0
Reality of Caste Reservation | Dhruv Rathee ft. @mohak_mangal,https://www.youtube.com/watch?v=L6by13GyZtc,947.0
Harsh Truth behind Billionaire Scams | Dhruv Rathee,https://www.youtube.com/watch?v=_nT2WXzXfGA,920.0
IPL 2020: Data Science of Winning | Dhruv Rathee,https://www.youtube.com/watch?v=fnHEDbFsZEE,937.0
TRP Jumla of Republic TV | Dhruv Rathee,https://www.youtube.com/watch?v=6z0ZQ6Qcuns,887.0
Armenia vs Azerbaijan | Explained by Dhruv Rathee,https://www.youtube.com/watch?v=PEg0JgyVkyE,962.0
Hathras Coverup | Explained by Dhruv Rathee,https://www.youtube.com/watch?v=3KOLG472t8c,893.0
Truth behind your Whatsapp Data  | Dhruv Rathee,https://www.youtube.com/watch?v=JPNnDQhuGAo,823.0
How Farmers Bills passed Rajya Sabha! | Dhruv Rathee,https://www.youtube.com/watch?v=i9IjiW5pULc,846.0
Why are Farmers Protesting? | Farm Laws Explained | Dhruv Rathee,https://www.youtube.com/watch?v=Dj4rGHzc-3A,931.0
"Kangana Ranaut, BMC and Rhea Controversy | Dhruv Rathee",https://www.youtube.com/watch?v=V2Uf0evaoMI,904.0
GDP Crash and PUBG Ban | By Dhruv Rathee,https://www.youtube.com/watch?v=otu95zL7S3k,607.0
How to start a Youtube Channel and Earn Money? | By Dhruv Rathee,https://www.youtube.com/watch?v=O3jMpgA5Ww4,796.0
Prashant Bhushan Case | Interview with Dhruv Rathee,https://www.youtube.com/watch?v=zXlQqtTrscU,727.0
How Belarus is overthrowing their Dictator! |  Dhruv Rathee,https://www.youtube.com/watch?v=Mj8_buWV2Cc,874.0
Why Postpone JEE & NEET Exams? | Dhruv Rathee,https://www.youtube.com/watch?v=qy2Nff12BOk,485.0
Bangalore Violence 2020 | Explained by Dhruv Rathee,https://www.youtube.com/watch?v=QBa2MSdNG-I,888.0
Lebanon Crisis: Entire Govt Resigns | Explained by Dhruv Rathee,https://www.youtube.com/watch?v=fuPMxdZOcdA,670.0
World's Most Expensive Country | Ground Report by Dhruv Rathee,https://www.youtube.com/watch?v=ColmyavhSBo,662.0
Article 370: One Year Later | Dhruv Rathee ft. Angry Prash,https://www.youtube.com/watch?v=Y6sGTmLRcps,679.0
The Story of Dr. Kafeel Khan | Explained by Dhruv Rathee,https://www.youtube.com/watch?v=lcvxLBV-UQE,749.0
New Education Policy | Analysis by Dhruv Rathee,https://www.youtube.com/watch?v=8tiQuiCdbkM,735.0
Why Assam Floods Every Year? | Assam Floods 2022 | Dhruv Rathee,https://www.youtube.com/watch?v=wYThZL2aMH8,885.0
Gunjan Saxena: Reality of Women in Armies | Dhruv Rathee | Netflix India,https://www.youtube.com/watch?v=WpeN2FDbIGM,729.0
Rajasthan Crisis: Pilot vs Gehlot | Explained by Dhruv Rathee,https://www.youtube.com/watch?v=GtzukUL-AX0,811.0
Launching a New Channel | Dhruv Rathee,https://www.youtube.com/watch?v=K_jUpdVnYKw,542.0
Turkey's Hagia Sophia and Erdogan | Dhruv Rathee,https://www.youtube.com/watch?v=NXVxDtvXZO8,1070.0
How EIA 2020 will Damage India! | Dhruv Rathee,https://www.youtube.com/watch?v=tWCjhj035WY,728.0
Reality of COVID-19 Vaccine | Dhruv Rathee,https://www.youtube.com/watch?v=vt2tcaeQXI0,844.0
COVID-19 Impact on Education | Dhruv Rathee,https://www.youtube.com/watch?v=6Ze8O334KzQ,890.0
TikTok Ban and Hong Kong Situation | Dhruv Rathee,https://www.youtube.com/watch?v=KjiizZng_Y0,740.0
Why Conspiracy Theories Spread | Explained by Dhruv Rathee,https://www.youtube.com/watch?v=9qHE5qmrGiY,987.0
Flying Beast Interview: Is Air Asia Safe? | Dhruv Rathee,https://www.youtube.com/watch?v=c5XzDqkv0cE,1165.0
Boycott China: The Harsh Truth | Dhruv Rathee,https://www.youtube.com/watch?v=DX66d_4JtBU,933.0
Why the World must Boycott China! | Dhruv Rathee,https://www.youtube.com/watch?v=F_0H2TVywRQ,914.0
Science behind Depression | Dhruv Rathee,https://www.youtube.com/watch?v=tZ5qIpJHeNU,1049.0
The Truth behind Inflation | Explained by Dhruv Rathee,https://www.youtube.com/watch?v=oImxcKc0qak,780.0
India vs China Border | Explained by Dhruv Rathee,https://www.youtube.com/watch?v=5Fk_yU1O6w8,1203.0
USA Protests | Analysis by Dhruv Rathee,https://www.youtube.com/watch?v=LvJsQ30UOpg,972.0
Universal Basic Income | Explained by Dhruv Rathee,https://www.youtube.com/watch?v=eiMWILfWiIM,1038.0
Locust Attack in India | Explained by Dhruv Rathee,https://www.youtube.com/watch?v=FIJMVPpXnDo,788.0
Coronavirus Source: Truth about Bats |  Dhruv Rathee,https://www.youtube.com/watch?v=gwFWB7gM7-U,971.0
India vs Nepal Border Dispute | Explained by Dhruv Rathee,https://www.youtube.com/watch?v=ssUvFPn8DzQ,918.0
Modi 's 20 Lakh Crore Package |  Explained by Dhruv Rathee,https://www.youtube.com/watch?v=Bl_gcq1PmuI,699.0
Carryminati | Youtube vs Tiktok by Dhruv Rathee,https://www.youtube.com/watch?v=9NJP5d0zuiY,799.0
The Truth about Alcohol Tax | Explained by Dhruv Rathee,https://www.youtube.com/watch?v=5o08sS5kPyk,687.0
The Problem with Arnab Goswami | Opinion by Dhruv Rathee,https://www.youtube.com/watch?v=d_A8DVEOaXw,1108.0
Inside Europe's Worst Economy | Ground Report by Dhruv Rathee,https://www.youtube.com/watch?v=phuXdlx8CL0,995.0
Negative Oil Prices | Explained by Dhruv Rathee,https://www.youtube.com/watch?v=eg_2jxQbyrc,839.0
Global Recession 2020 | Explained by Dhruv Rathee,https://www.youtube.com/watch?v=B-aJEomVH0A,723.0
Coronavirus Latest Update -3 | Dhruv Rathee,https://www.youtube.com/watch?v=CIBjX2pXQqM,709.0
Positive Impact of Coronavirus Lockdown | Explained by Dhruv Rathee,https://www.youtube.com/watch?v=OSupkB4USns,637.0
Coronavirus Test on Myself | Explained by Dhruv Rathee,https://www.youtube.com/watch?v=wSA_6rzzvwU,796.0
USA-China Coronavirus Conflict | Explained by Dhruv Rathee,https://www.youtube.com/watch?v=dUCIkax4jdM,653.0
Coronavirus Lockdown in India | Analysis by Dhruv Rathee,https://www.youtube.com/watch?v=OFK8NwQfyFM,769.0
Coronavirus Latest Update | Explained by Dhruv Rathee,https://www.youtube.com/watch?v=xIWxahsbkXE,882.0
Saudi-Russia Oil Price Crash | Explained by Dhruv Rathee,https://www.youtube.com/watch?v=Rlc2FrIC7Q0,768.0
USA Elections 2020 | Explained by Dhruv Rathee,https://www.youtube.com/watch?v=QBolIeBynMQ,879.0
Yes Bank Crisis | Explained by Dhruv Rathee,https://www.youtube.com/watch?v=NagvYDGL76s,778.0
The Truth about Brexit | Explained by Dhruv Rathee,https://www.youtube.com/watch?v=WN2DRp0_EIY,709.0
Delhi Riots 2020 | Analysis by Dhruv Rathee,https://www.youtube.com/watch?v=ETR_EIFUtAE,771.0
Singapore vs India | Education System Analysis by Dhruv Rathee,https://www.youtube.com/watch?v=jJ3pxNET3gY,701.0
Why Kejriwal Won? | Delhi Election Analysis by Dhruv Rathee,https://www.youtube.com/watch?v=B8nE1LZOvH8,821.0
Coronavirus | Explained by Dhruv Rathee,https://www.youtube.com/watch?v=xnkQUgamT_k,643.0
Budget 2020 | Analysis by Dhruv Rathee,https://www.youtube.com/watch?v=6hpGGFALZkU,547.0
Arnab Goswami vs Kunal Kamra Case | Opinion by Dhruv Rathee,https://www.youtube.com/watch?v=e-1kNWpjHqw,633.0
Indian Economy Crisis in 2020 | Analysis by Dhruv Rathee,https://www.youtube.com/watch?v=3al42ONZhVA,740.0
Kejriwal 5 year Report Card | Analysis by Dhruv Rathee,https://www.youtube.com/watch?v=IiEkjYwg1NE,951.0
Australia Bushfires | Explained by Dhruv Rathee,https://www.youtube.com/watch?v=iX3ls-ZJcRI,611.0
JNU Incident | Explained by Dhruv Rathee,https://www.youtube.com/watch?v=jOHJfy9siWE,809.0
USA vs Iran | Explained by Dhruv Rathee,https://www.youtube.com/watch?v=2jdIRP2ftNs,692.0
Inside World's No.1 Cycling City | Ground Report by Dhruv Rathee,https://www.youtube.com/watch?v=YJYN1fy8OQc,944.0
Reality of NRC and NPR | Explained by Dhruv Rathee,https://www.youtube.com/watch?v=N1_gJh7UIPI,729.0
Donald Trump Impeachment | Explained by Dhruv Rathee,https://www.youtube.com/watch?v=4Ek6bRt-MEI,607.0
Aftermath of CAB + NRC | Explained by Dhruv Rathee,https://www.youtube.com/watch?v=4b-64pnS254,800.0
Reality of Citizenship Bill (CAA) | Opinion by Dhruv Rathee,https://www.youtube.com/watch?v=uS84V63IZUs,690.0
Hyderabad Case: Is it Real Justice? | Analysis by Dhruv Rathee,https://www.youtube.com/watch?v=O9AgYEYk0zo,652.0
Dhruv Rathee with Kunal Kamra | Q&A in Amsterdam,https://www.youtube.com/watch?v=AdBsZycclqQ,1815.0
India vs Germany | Education System Analysis by Dhruv Rathee,https://www.youtube.com/watch?v=JTBqYKvy0CU,1182.0
Maharashtra Politics: BJP vs NCP | Explained by Dhruv Rathee,https://www.youtube.com/watch?v=64wO_ehYzEg,618.0
"Privatization of Air India, BPCL | Analysis by Dhruv Rathee",https://www.youtube.com/watch?v=IHRj6n9tZZU,594.0
Statue of Unity: First Year Performance | Analysis by Dhruv Rathee,https://www.youtube.com/watch?v=JFxs13XqkRE,571.0
Reality of Indian Media | Analysis by Dhruv Rathee,https://www.youtube.com/watch?v=unbXcnXfSYk,613.0
Ayodhya Verdict | Opinion by Dhruv Rathee,https://www.youtube.com/watch?v=KDgk-pL5yIo,377.0
Reality of Air Pollution in Delhi | Analysis by Dhruv Rathee,https://www.youtube.com/watch?v=Y_Q8lzDBWI8,645.0
Does India need Two Child Policy? | Analysis by Dhruv Rathee,https://www.youtube.com/watch?v=cuSmqomszIA,717.0
Revolutionizing Indian Education System | Ground Report by Dhruv Rathee,https://www.youtube.com/watch?v=VJhw9TIO2Lg,1034.0
PMC Bank: Is Your Money Safe in Banks? | Explained by Dhruv Rathee,https://www.youtube.com/watch?v=GWReAOm3yYU,670.0
Aarey Forest: Was it Wrong to Cut Trees? | Explained by Dhruv Rathee,https://www.youtube.com/watch?v=8P8g_Mt6QcU,736.0
India's Economic Crisis 2019: How to Survive? | Dhruv Rathee Interviews Gaurav Rastogi,https://www.youtube.com/watch?v=yP6K7lKMIQE,1310.0
Is Greta Thunberg Wrong? | Climate Change Explained by Dhruv Rathee,https://www.youtube.com/watch?v=_XugW-yg2XI,762.0
India's Best Statue | Ground Report by Dhruv Rathee,https://www.youtube.com/watch?v=8bzjA0xhW24,615.0
"Inside World's Smallest ""Country"" | Ground Report by Dhruv Rathee",https://www.youtube.com/watch?v=DXswo-X1IuM,717.0
How Social Media Caused Amazon Fires and Brexit | Explained by Dhruv Rathee,https://www.youtube.com/watch?v=YIWMQymSWKY,548.0
Reality of 4.5% GDP Growth in Indian Economy | Analysis by Dhruv Rathee,https://www.youtube.com/watch?v=NtjkSuBVXl0,718.0
"Azadi | Kashmir, Hong Kong, Catalonia Separatism | Explained by Dhruv Rathee",https://www.youtube.com/watch?v=D1DwRI9r9kY,852.0
Truth behind Astrology & Mind Reading | Explained by Dhruv Rathee ft. Karan Singh Magic,https://www.youtube.com/watch?v=CRGBGej0O34,1257.0
Who Controls your Internet? How Internet Works? | Explained by Dhruv Rathee,https://www.youtube.com/watch?v=gVzQuRrD4xw,543.0
Article 370 Removal: Right or Wrong? | Explained by Dhruv Rathee,https://www.youtube.com/watch?v=1OMIORV7OH0,624.0
Reality of RTI Amendment Bill | Analysis by Dhruv Rathee,https://www.youtube.com/watch?v=-koqQYQwrqA,620.0
Reality of Chandrayaan 2 Moon Mission | Explained by Dhruv Rathee,https://www.youtube.com/watch?v=VsIrMk0PiuE,454.0
The Truth about Face App  | Analysis by Dhruv Rathee,https://www.youtube.com/watch?v=JnTz_bK-MCU,532.0
देखिए Assam Floods के पीछे का सच! | Analysis by Dhruv Rathee,https://www.youtube.com/watch?v=isIZnU8aST4,804.0
Karnataka Crisis: One Nation One Party? | Analysis by Dhruv Rathee,https://www.youtube.com/watch?v=p_kbK91l7t8,651.0
How to Learn Anything Easily and Fast! | By Dhruv Rathee,https://www.youtube.com/watch?v=3qDnfdsjG70,743.0
Budget 2019: What did Middle Class Get? | Analysis by Dhruv Rathee,https://www.youtube.com/watch?v=PZwEOBApVdY,612.0
Article 15 - Reality of Casteism | Analysis by Dhruv Rathee,https://www.youtube.com/watch?v=ncL76OIjfj8,706.0
Share Market Explained by Dhruv Rathee (Hindi) | Learn Everything on Investing Money,https://www.youtube.com/watch?v=hsbhN7i7H8E,845.0
Water Crisis: 6 Ways to Save Yourself! | Explained by Dhruv Rathee,https://www.youtube.com/watch?v=12XRIQ2CjL8,889.0
"Clean India and Win ₹1,00,000 | Champion Challenge by Dhruv Rathee",https://www.youtube.com/watch?v=pSUNHbkN2Eo,864.0
Doctors Strike : Reality of Problems faced by Doctors and Patients | Analysis by Dhruv Rathee,https://www.youtube.com/watch?v=hZwMuI843-Q,774.0
Reality of AN 32 Aircraft Crash | Analysis by Dhruv Rathee,https://www.youtube.com/watch?v=S8fGAGDvBQQ,518.0
Cleaning 9 million kgs of Trash | Dhruv Rathee Interviews Afroz Shah,https://www.youtube.com/watch?v=t0ka45g4Fyc,1051.0
Should Rahul Gandhi Resign? | Analysis of BJP's Win and Opinion by Dhruv Rathee,https://www.youtube.com/watch?v=lGImgZP7L1U,750.0
Reality of West Bengal & Mamata Banerjee | Ep.5 Elections with Dhruv Rathee on NDTV,https://www.youtube.com/watch?v=s8odXL9HM4A,825.0
TIME Magazine and Cloud Theory of Modi | Analysis by Dhruv Rathee,https://www.youtube.com/watch?v=7qaUaplIkjQ,768.0
Reality of Rajiv Gandhi | Ep.4 Elections with Dhruv Rathee on NDTV,https://www.youtube.com/watch?v=8w79mgdfxcQ,642.0
The Masterstroke behind Delhi Schools | Interview of Atishi with Dhruv Rathee,https://www.youtube.com/watch?v=Qwt8soTisPA,1282.0
Tej Bahadur Disqualification: Is EC biased? | Ep.3 Elections with Dhruv Rathee on NDTV,https://www.youtube.com/watch?v=yCmIDQplvW8,736.0
Gaumutra Cures Cancer? |  Ep.2 Elections with Dhruv Rathee on NDTV,https://www.youtube.com/watch?v=fV727CHWJq8,700.0
Sadhvi Pragya: The New Agenda | Ep.1 Elections with Dhruv Rathee on NDTV,https://www.youtube.com/watch?v=pkR5d2GyNBk,521.0
Reality of Modi's Varanasi after 5 years | Ground Report by Dhruv Rathee,https://www.youtube.com/watch?v=90scgVv3UpA,1258.0
Rafale Deal पर French Media का बड़ा ख़ुलासा! | Explained by Dhruv Rathee,https://www.youtube.com/watch?v=rkc4bg0r7P8,419.0
BJP vs Congress: Which Manifesto is Better? | Analysis by Dhruv Rathee,https://www.youtube.com/watch?v=OPjbilnZfX0,743.0
"Modi Report Card Part-2 | Analysis on Corruption, Security by Dhruv Rathee ft Soch",https://www.youtube.com/watch?v=wkkLNteE4Sg,1020.0
Congress Manifesto for 2019 Elections | Analysis by Dhruv Rathee,https://www.youtube.com/watch?v=oj9Z1arLeUQ,738.0
Modi Govt: 5 Year Report Card | Mega Analysis by Dhruv Rathee ft. Soch,https://www.youtube.com/watch?v=Wmnh4l6vMTY,855.0
Ground Reality of Delhi Govt Schools | Jumla or Truth? | By Dhruv Rathee,https://www.youtube.com/watch?v=s3puaMD0UMM,469.0
Science of PUBG Addiction: How to Stop Playing? | Analysis by Dhruv Rathee,https://www.youtube.com/watch?v=lJ-z44KjZGc,723.0
NOTA Voting: Should you vote for it? | Historical Analysis by Dhruv Rathee,https://www.youtube.com/watch?v=vDdcPZYe8kA,434.0
Twitter Factory of BJP: Caught Red Handed! | Dhruv Rathee and Pratik Sinha,https://www.youtube.com/watch?v=ODM7jKf6UDA,323.0
Cobrapost Expose on Bollywood | Did Celebrities do any Wrong? Opinion By Dhruv Rathee,https://www.youtube.com/watch?v=tGdMpn8bHr0,732.0
Should Voting be Compulsory? | Analysis by Dhruv Rathee,https://www.youtube.com/watch?v=ARzHcBieRZY,398.0
India Pakistan Tensions: All that happened! | Explained by Dhruv Ratheee,https://www.youtube.com/watch?v=9a1f0BLTOlc,601.0
Which Country's Voting System is Best? |  Explained by Dhruv Rathee,https://www.youtube.com/watch?v=rPYRnrSEjRc,593.0
Pulwama: Reality of Jawans & Pakistan | Analysis by Dhruv Rathee,https://www.youtube.com/watch?v=IuhtlAq3yNY,819.0
How to Vote? | All about Voter ID Card Registration by Dhruv Rathee,https://www.youtube.com/watch?v=mwAuCSm36ag,379.0
BJP Leaks: Breaking Democracy across India! | Bebak Ep.5 with Abhisar Sharma,https://www.youtube.com/watch?v=pgasbrLsrss,1086.0
Unemployment Report: How Modi govt wants Data Manipulation! | Analysis by Dhruv Rathee,https://www.youtube.com/watch?v=gWhXzOCA9rM,743.0
Delhi's Amazing Lake Revival! | Ground Report by Dhruv Rathee,https://www.youtube.com/watch?v=CoaZsJJK4Kg,629.0
Andh Bhakt Banerjee Debates with Dhruv Rathee | Logical Fallacies Explained!,https://www.youtube.com/watch?v=ZZOeyLiBKtc,1200.0
How to Save Tax? | EPF and PPF Explained by Dhruv Rathee (In Hindi),https://www.youtube.com/watch?v=dBhF6S1rjzA,654.0
Reality of 10% Reservation for Economically Weak: New Jumla? | Opinion by Dhruv Rathee,https://www.youtube.com/watch?v=pBHRnnTbzL4,617.0
Dhruv Rathee Newslaundry Interview with Abhinandan (Teaser),https://www.youtube.com/watch?v=sT6kp6I9z_I,376.0
Rafale Deal | The Complete Controversy Explained by Dhruv Rathee,https://www.youtube.com/watch?v=f88jxfwZODU,968.0
Why BJP lost the 2018 Elections? Harsh Reality about why Indians are fed up of BJP | Dhruv Rathee,https://www.youtube.com/watch?v=eN7hKU5m_20,618.0
2.0 - Science behind Rajnikanth 's Movie | Mobile Phone Radiation Explained by Dhruv Rathee,https://www.youtube.com/watch?v=A_Ls1GxlSiA,772.0
Why are Farmers Angry with Modi Govt? | Kisan Mukti March | Dhruv Rathee,https://www.youtube.com/watch?v=3NRHh4qnGz4,604.0
Who to Vote in 2019 Lok Sabha Elections? | Analysis by Dhruv Rathee,https://www.youtube.com/watch?v=SOYiFgh9pWs,480.0
Sambit Patra: The Harsh Truth | Bebak Ep.4 with Abhisar Sharma and Dhruv Rathee,https://www.youtube.com/watch?v=uXSajNn7Jhg,763.0
Ravish Kumar Interviews Dhruv Rathee on NDTV Prime Time | Full Interview,https://www.youtube.com/watch?v=gM4BnpbCGMw,1513.0
India under Modi Govt | 4 years of Performance Rankings Analyzed by Dhruv Rathee,https://www.youtube.com/watch?v=U8ISnVlHV7w,683.0
Statue of Unity: The Harsh Reality | Analysis by Dhruv Rathee,https://www.youtube.com/watch?v=6sbPGzrXbts,737.0
CBI vs CBI: The Truth behind the Controversy | Explained by Dhruv Rathee,https://www.youtube.com/watch?v=3Vlh0vfBfHo,604.0
Interview of Ganga Activist with Dhruv Rathee | Sant Gopaldas | Ganga Part-2,https://www.youtube.com/watch?v=_oEmwzHPHBA,737.0
Ganga : The 40 year long battle of GD Agarwal | Dhruv Rathee,https://www.youtube.com/watch?v=qv2h5fkFdBQ,757.0
#MeToo Movement and MJ Akbar case | Bebak Ep. 3 with Abhisar Sharma and Dhruv Rathee,https://www.youtube.com/watch?v=oAzEyj88dmk,1098.0
Indian Rupee is on a Golden Run! 💰 | Ep.10 The Dhruv Rathee Show,https://www.youtube.com/watch?v=W95SuZOE0iY,848.0
A Mother's Voice from Uttar Pradesh Village | Ep.2 Bebak with Abhisar Sharma and Dhruv Rathee,https://www.youtube.com/watch?v=UlkaHyqU0iE,904.0
Reality of Journalists under Modi govt | Ep.1 Bebak with Abhisar Sharma and Dhruv Rathee,https://www.youtube.com/watch?v=gXB9n3dp6Eg,1277.0
Vijay Mallya: Who helped him Escape? | Analysis by Dhruv Rathee,https://www.youtube.com/watch?v=dnZLGpeG5tA,839.0
Teaser: Bebak with Abhisar Sharma and Dhruv Rathee | Releasing 20th September,https://www.youtube.com/watch?v=wuA6EhNoZdA,142.0
Demonetization: Final Analysis of the Masterstroke by Dhruv Rathee [UPDATED],https://www.youtube.com/watch?v=_rJtMfi3cp0,692.0
Andh Bhakti vs Science: How to Research Scientifically? | Dhruv Rathee,https://www.youtube.com/watch?v=s_5MryQB76M,1040.0
Kerala Floods: Can future disasters be prevented? | Ft. Poojan Sahil and Dhruv Rathee,https://www.youtube.com/watch?v=2YH3u86VQFY,608.0
Atal Bihari Vajpayee: Best PM of India? | Analysis by Dhruv Rathee,https://www.youtube.com/watch?v=CGrxiAIUiNw,835.0
Are you an Adarsh Indian? | Independence Day Special Pee News ft. Akash Banerjee and Dhruv Rathee,https://www.youtube.com/watch?v=s-ulDo8OKSs,811.0
Punya Prasun Bajpai: The Truth behind ABP News Resignation | Dhruv Rathee,https://www.youtube.com/watch?v=wfF5Q17lYy4,848.0
Mutual Funds Explained by Dhruv Rathee (Hindi) | Learn everything on Investments in 2020!,https://www.youtube.com/watch?v=8A3s9WP_7l4,817.0
Pakistan ka Deshdrohi | Exclusive Interview of Dhruv Rathee with Pakistani Human Rights Activist,https://www.youtube.com/watch?v=Dutvai4El0w,1125.0
Cow Urine Magic! | Hidden Secret in Gaumutra Explained by Dhruv Rathee,https://www.youtube.com/watch?v=rjMbE9flUhQ,757.0
Rahul Gandhi vs PM Modi Speech: Who was better? | Analysis by Dhruv Rathee,https://www.youtube.com/watch?v=Lem7KgAb9SY,851.0
Photoshopped Videos created using Artificial Intelligence!! | Explained by Dhruv Rathee,https://www.youtube.com/watch?v=EW64ikvzHOI,964.0
Dhruv Rathee's Youtube Journey & Biography | Interview with Brut India,https://www.youtube.com/watch?v=dHKAzSkHhNs,197.0
"Whose Black Money is in Swiss Banks? | Ep.9 The Dhruv Rathee Show [Indian Rupee, Foreign Expenses]",https://www.youtube.com/watch?v=UdNe4Bv8ARY,966.0
Is India World's Most Dangerous Country for Women? | Analysis by Dhruv Rathee,https://www.youtube.com/watch?v=LZ_R-sqksec,733.0
"Why is your Privacy & Data so Important? | Dhruv Rathee explains Cambridge Analytica, PayTM, Aadhaar",https://www.youtube.com/watch?v=-Au5PxsAjMk,733.0
Kejriwal vs LG: What is happening in Delhi? | Explained by Dhruv Rathee,https://www.youtube.com/watch?v=fSl5nOT82bM,770.0
Alt News Founder Pratik Sinha with Dhruv Rathee | Casual Interview in Germany,https://www.youtube.com/watch?v=5cOvSw0lqNQ,622.0
Every Indian on WhatsApp Must Watch This Video | Dhruv Rathee,https://www.youtube.com/watch?v=iRZq5XWdWSA,388.0
Exclusive Interview of an Indian Soldier with Dhruv Rathee | Ground Reality of Indian Jawan,https://www.youtube.com/watch?v=0eA7F63Aoh0,1598.0
Bangladeshi Immigrants in India? | Citizenship Amendment Bill Explained by Dhruv Rathee,https://www.youtube.com/watch?v=15VQkurX5yk,619.0
Truth behind PayTM by Dhruv Rathee | Cobrapost Operation 136,https://www.youtube.com/watch?v=cseroHjs__E,959.0
How to start a Business by Dhruv Rathee | Being an Entrepreneur in India,https://www.youtube.com/watch?v=uOA5h_KdjO4,924.0
BJP vs Congress: Reality of Karnataka Results by Dhruv Rathee | Yedyurappa CM,https://www.youtube.com/watch?v=gQWI9EssL0c,746.0
World's Worst Pollution! | India v/s Europe Analysis by Dhruv Rathee,https://www.youtube.com/watch?v=Yo_mO0L8uE4,615.0
100% Village Electrification: Is it true? | Dhruv Rathee Facebook Live,https://www.youtube.com/watch?v=sQuxrOvXUrM,487.0
Is Modi Govt interfering in Supreme Court? | Explained by Dhruv Rathee,https://www.youtube.com/watch?v=6DcltISVybI,663.0
Save our Forests! | National Forest Policy 2018 Explained by Dhruv Rathee,https://www.youtube.com/watch?v=jHmXSpTVjZA,380.0
Maun Modi and Whataboutery on Unnao & Kathua | Dhruv Rathee,https://www.youtube.com/watch?v=KOudMPiJFBI,342.0
"Indian Police is a Puppet of Netas! | Police Reforms Solutions by Dhruv Rathee [Unnao, Kathua]",https://www.youtube.com/watch?v=oOw-6ZkYbv4,636.0
Which is the Best Country in the World? | Dhruv Rathee Analysis for 2018,https://www.youtube.com/watch?v=Uu96gewkN20,749.0
Biggest Exposé of Indian Media!! | Cobrapost Operation 136 by Dhruv Rathee,https://www.youtube.com/watch?v=6zx-TpcdyZo,366.0
"RTI Activists in India | Ep.8 The Dhruv Rathee Show (Demonetisation,  Unemployment Surveys)",https://www.youtube.com/watch?v=zE_tnXDXlaI,695.0
Finance Bill 2018 by Dhruv Rathee | Foreign Funding Legalized!,https://www.youtube.com/watch?v=O4ypoiHZOCs,579.0
BJP IT Cell Insider Interview with Dhruv Rathee,https://www.youtube.com/watch?v=BL2ZYXLW5bU,1829.0
SSC Exam Scam 2018 by Dhruv Rathee | Why are students protesting against SSC CGL Exam?,https://www.youtube.com/watch?v=KxJ_7CObu2Y,560.0
Indian Education System 2018 by Dhruv Rathee  [No Detention policy],https://www.youtube.com/watch?v=ABmXRhizz4I,448.0
Reality of PNB Scam & Nirav Modi by Dhruv Rathee | Banks and Businessman jeweler Explained,https://www.youtube.com/watch?v=5dL4AtHYd1w,460.0
Bitcoin in India by Dhruv Rathee | What is Bitcoin? How to buy Bitcoin? Is it legal?,https://www.youtube.com/watch?v=Kesk8WK1uWM,658.0
Biggest Jumla Ever | Dhruv Rathee on Facebook Live | Power and Water Ministry,https://www.youtube.com/watch?v=0kOKv0UtH5k,311.0
"Reality of Budget 2018 | Dhruv Rathee Critical Analysis (Income Tax, Salaried people)",https://www.youtube.com/watch?v=Ncjcg97P1Tg,603.0
"Truth behind Padmaavat film | Q&A Part-2 of Dhruv Rathee | Questions on Travel, Bitcoin & 2019",https://www.youtube.com/watch?v=0vIRZZLn2a4,985.0
"Stupidity & Ache Din in UP | Ep.7 The Dhruv Rathee Show [Science, Evolution, SBI Bank Fees ]",https://www.youtube.com/watch?v=dPvM2n2AFAw,849.0
Reality of Supreme Court Judges & Justice Loya Case Explained by Dhruv Rathee,https://www.youtube.com/watch?v=050DQ3pJvCw,680.0
Reality of Aadhaar Card by Dhruv Rathee,https://www.youtube.com/watch?v=S_bvQO6K5fY,762.0
"Which is the Best State in India? | Dhruv Rathee Analysis on Economy, Environment, Development",https://www.youtube.com/watch?v=XPwVq56l1rk,606.0
Manish Sisodia Interview with Dhruv Rathee Part-2 | Education & Govt Schools,https://www.youtube.com/watch?v=mxqM5ZprtRY,1451.0
"Christmas Gifts for Netas: 2G Spectrum Scam, Adarsh, Fodder Clean Chits |  Live with Dhruv Rathee",https://www.youtube.com/watch?v=-E-LgQQstzA,220.0
Modi & Ivanka Lied?! | Ep.6 The Dhruv Rathee Show (Adani's Coal mine & Smart Waste),https://www.youtube.com/watch?v=jt14K39g7Tw,731.0
"Shehzad Poonawalla Interview with Dhruv Rathee | Congress Dynasty, Appeasement & Economy",https://www.youtube.com/watch?v=RRcnkNgMNjM,2487.0
FRDI Bill: Your Bank Deposits & Savings are at risk! | By Dhruv Rathee,https://www.youtube.com/watch?v=podUYC5oV_E,381.0
"Reality of Gujarat Model by Dhruv Rathee  | All aspects of Economy, growth, HDI, Investment & more",https://www.youtube.com/watch?v=OeNTRsRwnUM,490.0
Yoga with Wrong Number Baba |  Pee News Interview ft. Dhruv Rathee & Akash Banerjee,https://www.youtube.com/watch?v=PIxJGQpLqQM,674.0
"Vinod Dua Exclusive Interview with Dhruv Rathee | Media, Modi & Indira Gandhi",https://www.youtube.com/watch?v=2kcgs-GgzJg,667.0
Jan Gan Man Ki Baat: Behind The Scenes with Dhruv Rathee & Vinod Dua,https://www.youtube.com/watch?v=y_xEQ7Mg1gA,147.0
Padmavati Crorepati Prizes & Moody's credit ratings! | Ep.5  The Dhruv Rathee Show,https://www.youtube.com/watch?v=1M9XXdpuiaw,664.0
'An Insignificant Man' Film Directors Interview with Dhruv Rathee,https://www.youtube.com/watch?v=NU1vuAQLew4,1200.0
Manish Sisodia Exclusive Interview with Dhruv Rathee | Smog in Delhi & Odd-Even,https://www.youtube.com/watch?v=AXK5vV0U2WA,1230.0
Online Shopping Safety by Dhruv Rathee ft. UIC [ Amazon / Flipkart / OLX ],https://www.youtube.com/watch?v=JJeySwnPpDs,774.0
"Dhruv Rathee in Special Event ft. Faye D'souza, Richa Chadha and Rega Jha | On Garbage Management",https://www.youtube.com/watch?v=-jqo0Kb1mA4,624.0
10 yrs of Congress govt. Analysis by Dhruv Rathee,https://www.youtube.com/watch?v=l7y8GXCFlKs,886.0
"Ache Din are here in Rajasthan! | Ep 4 The Dhruv Rathee Show [Digital India cess, Tax money]",https://www.youtube.com/watch?v=y26_c2jNPUw,634.0
GST Bills in Restaurants by Dhruv Rathee | Goods and Services Tax,https://www.youtube.com/watch?v=wtDSi14D4yE,408.0
Reality of Diwali Firecrackers by Dhruv Rathee | Health Impact compared to Cars & industries,https://www.youtube.com/watch?v=2FwSFYD3uis,356.0
Diwali with Bhakt | Pee News Interview by Dhruv Rathee ft. Akash Banerjee on crackers,https://www.youtube.com/watch?v=rWGvesGWwqY,580.0
"Amit Shah's son, Adani & Ambani | Ep 3 The Dhruv Rathee Show",https://www.youtube.com/watch?v=FfTpWUPsdsc,579.0
Important Tips to make you more employable and get Jobs by Dhruv Rathee | Fighting Unemployment,https://www.youtube.com/watch?v=faF6IbI-VcI,470.0
Indian Economy is Crashing Down! | Ep. 2 The Dhruv Rathee Show,https://www.youtube.com/watch?v=1ZIFEASmno0,530.0
How to Save Rivers in India by Dhruv Rathee |  Can Rally for Rivers work?,https://www.youtube.com/watch?v=XFEtYBVIO-c,911.0
New What's App Forward nowadays | Dhruv Rathee Facebook Live,https://www.youtube.com/watch?v=6By3CQTUPZ0,335.0
Reality of Petrol Price Hike by Dhruv Rathee | Huge Tax Increase,https://www.youtube.com/watch?v=OSQXo3DpFAg,551.0
New ₹200 Currency Note Easier to Fake! | Ep. 1 The Dhruv Rathee Show [Money & Inequality],https://www.youtube.com/watch?v=sAH9YyR3O4c,567.0
Demonetization: Final Analysis by Dhruv Rathee | Biggest loss of Money Ever?,https://www.youtube.com/watch?v=xrPLI029Jic,625.0
Big Announcement from Dhruv Rathee | YouTube Earnings Revealed,https://www.youtube.com/watch?v=EYsW591OJjg,720.0
Boycott Made in China? | Realistic Solution by Dhruv Rathee,https://www.youtube.com/watch?v=ype22uOCJgo,540.0
Left vs Right: Which is best political ideology? | By Dhruv Rathee,https://www.youtube.com/watch?v=xYdvj28s6bk,606.0
Dirty Tactics of China Explained by Dhruv Rathee | Sikkim Bhutan Border Standoff,https://www.youtube.com/watch?v=4FX_3X11VtY,468.0
Propaganda in School Textbooks & Bollywood films | Dhruv Rathee Facebook Live,https://www.youtube.com/watch?v=48OyyhpIGZk,593.0
How to identify Fake News in India | By Dhruv Rathee,https://www.youtube.com/watch?v=Ezcng6hyWp4,558.0
How to fight Overpopulation in India by Dhruv Rathee,https://www.youtube.com/watch?v=H13CiPHNqYs,602.0
TRP Ratings Jumla of Republic TV Exposed | Facebook Live with Dhruv Rathee,https://www.youtube.com/watch?v=GjyyMeM6WnU,348.0
3 years of Modi Government Analysis | Exposed by Dhruv Rathee,https://www.youtube.com/watch?v=EBPxUO_So14,857.0
Who is Dhruv Rathee? | Q&A | Indian Journalism and Climate Change,https://www.youtube.com/watch?v=xdIsr4EZeuU,566.0
India in 2025 by Dhruv Rathee | Cow Economics,https://www.youtube.com/watch?v=DmpsdgmWVJc,330.0
"Ask Dhruv Rathee Anything | 50,000 Thank You | AMA",https://www.youtube.com/watch?v=iAq6RncJCQU,129.0
Snapchat Exposed Intolerant Indians & Andh Bhakts | Sonu Nigam | By Dhruv Rathee,https://www.youtube.com/watch?v=V9_EJmQj1BI,471.0
"Machu Picchu 2017, Peru | Travel Wonders of World by Dhruv Rathee",https://www.youtube.com/watch?v=F2j4jEs1zbE,180.0
Corruption Legalized! | Finance Bill 2017 Exposed by Dhruv Rathee,https://www.youtube.com/watch?v=J-2oYWhGCZg,409.0
Reality of Yogi Adityanath by Dhruv Rathee | Uttar Pradesh new CM,https://www.youtube.com/watch?v=CqfsjABygiU,325.0
Truth behind EVM Machine Hacking | Electronic Voting Fraud in India by Dhruv Rathee,https://www.youtube.com/watch?v=TDeJ5o3ZlEQ,684.0
Soldiers against ABVP / BJP (Aftermath of Gurmehar / Ramjas college row) + Announcement,https://www.youtube.com/watch?v=XiexPvNkdwg,185.0
Cow is World's Best Animal | Ep 1 Pee News by Dhruv Rathee [Faking News],https://www.youtube.com/watch?v=_ZCm9upWR4k,440.0
Andh Modi Bhakts Exposed | Reading their logic by Dhruv Rathee,https://www.youtube.com/watch?v=_zjZfwOGnKk,334.0
Shivaji Memorial Statue Exposed by Dhruv Rathee | Waste of taxpayer's money,https://www.youtube.com/watch?v=RhXiv75DLiY,232.0
"Good News you missed | Mainstream Media Uncovered | Gold Taj Mahal?, Organic Farming",https://www.youtube.com/watch?v=saPdNKRtTsQ,325.0
How to fight Corruption and Black money by Dhruv Rathee | Demonetisation in India Scheme Exposed 2,https://www.youtube.com/watch?v=u4kOjuB2Y4g,326.0
"The Island of Birds: Islas Ballestas, Paracas, Peru",https://www.youtube.com/watch?v=Lp14L-M2y0k,106.0
A True Salute to Soldiers of Indian Army | Republic Day Special,https://www.youtube.com/watch?v=Ijnt4gC4dz8,467.0
URI: Surgical Strike Proof: Lies and Propaganda of Pakistan Exposed on Video | Special Dussehra,https://www.youtube.com/watch?v=E9x6hd_Ax6Y,485.0
BJP IT Cell Exposed: How lies and propaganda are spread | Dhruv Rathee,https://www.youtube.com/watch?v=sqr3aQ4XcDI,444.0
Inside the Volcano: Going Inside the Thrihnukagigur Volcano in Iceland,https://www.youtube.com/watch?v=JSXlT_xvLko,140.0
Crazy German Water Park: Filmed on iPhone 5s,https://www.youtube.com/watch?v=BvZ9FNyqr7Q,133.0
